{
  "project_info": {
    "project_number": "1062035041492",
    "firebase_url": "https://whatsapp-7c011.firebaseio.com",
    "project_id": "whatsapp-7c011",
    "storage_bucket": "whatsapp-7c011.appspot.com"
  },
  "client": [
    {
      "client_info": {
        "mobilesdk_app_id": "1:1062035041492:android:c6ccccac6a1946558bdf41",
        "android_client_info": {
          "package_name": "com.syachan.whatsapp"
        }
      },
      "oauth_client": [
        {
          "client_id": "1062035041492-1arc1a1o165jjcnf8locic9nomra86li.apps.googleusercontent.com",
          "client_type": 1,
          "android_info": {
            "package_name": "com.syachan.whatsapp",
            "certificate_hash": "670bb169fca2b4a7609807cb1de8da61b3f1dc5c"
          }
        },
        {
          "client_id": "1062035041492-f3llid4bqgtp03pe4oc05dtsl4iuqjv2.apps.googleusercontent.com",
          "client_type": 3
        }
      ],
      "api_key": [
        {
          "current_key": "AIzaSyADc6nRIsPRsXhG21MSdEItDU9SzQr-8co"
        }
      ],
      "services": {
        "appinvite_service": {
          "other_platform_oauth_client": [
            {
              "client_id": "1062035041492-f3llid4bqgtp03pe4oc05dtsl4iuqjv2.apps.googleusercontent.com",
              "client_type": 3
            }
          ]
        }
      }
    }
  ],
  "configuration_version": "1"
}